study_ID,year,species,temp_sen,method,country,hemisphere,link,
1,2022,Vespadelus vulturnus,Yes,Radio-telemetry,Australia,Southern,https://academic.oup.com/jmammal/article/103/4/826/6568376?login=true,
2,2022,Myotis leibii,,PIT-tag tracking,United States,Northern,https://onlinelibrary.wiley.com/doi/full/10.1002/ece3.9113,
2,2022,Perimyotis subflavus,,PIT-tag tracking,United States,Northern,,
2,2022,Myotis grisescens,,PIT-tag tracking,United States,Northern,,
2,2022,Myotis sodalis,,PIT-tag tracking,United States,Northern,,
3,2022,Eptesicus nilssonii,,Collection,Russia,Northern,https://link.springer.com/article/10.1134/S002209302204010X,
4,2022,Myotis myotis,,Survey,Poland,Northern,https://www.ingentaconnect.com/content/miiz/actac/2022/00000024/00000001/art00008,
4,2022,Myotis bechsteinii,,Survey,Poland,Northern,,
4,2022,Myotis nattereri,,Survey,Poland,Northern,,
4,2022,Myotis mystacinus,,Survey,Poland,Northern,,
4,2022,Myotis brandtii,,Survey,Poland,Northern,,
4,2022,Myotis dasycneme,,Survey,Poland,Northern,,
4,2022,Myotis daubentonii,,Survey,Poland,Northern,,
4,2022,Eptesicus serotinus,,Survey,Poland,Northern,,
4,2022,Plecotus auritus,,Survey,Poland,Northern,,
4,2022,Plecotus austriacus,,Survey,Poland,Northern,,
4,2022,Barbastella barbastellus,,Survey,Poland,Northern,,
5,2022,Pipistrellus pipistrellus,,Acoustic monitoring,England,Northern,https://www.ingentaconnect.com/content/miiz/actac/2022/00000024/00000001/art00008,
6,2022,Myotis leibii,Yes,Radio-telemetry,United States,Northern,https://www.nature.com/articles/s41598-022-09692-x,
6,2022,Perimyotis subflavus,Yes,Radio-telemetry,United States,Northern,,
6,2022,Myotis grisescens,Yes,Radio-telemetry,United States,Northern,,
6,2022,Myotis sodalis,Yes,Radio-telemetry,United States,Northern,,
7,2022,Corynorhinus townsendii,,Mixed,United States,Northern,https://www.sciencedirect.com/science/article/pii/S1470160X22002266,
7,2022,Myotis ciliolabrum,,Mixed,United States,Northern,,
8,2022,Perimyotis subflavus,,Survey,United States,Northern,https://meridian.allenpress.com/jwd/article/58/2/322/478876/ROADWAY-ASSOCIATED-CULVERTS-MAY-SERVE-AS-A,
9,2022,Lasionycteris noctivagans,,Survey,United States,Northern,https://wildlife.onlinelibrary.wiley.com/doi/full/10.1002/jwmg.22178,
9,2022,Myotis californicus,,Survey,United States,Northern,,
9,2022,Myotis ciliolabrum,,Survey,United States,Northern,,
9,2022,Myotis evotis,,Survey,United States,Northern,,
9,2022,Myotis lucifugus,,Survey,United States,Northern,,
9,2022,Myotis volans,,Survey,United States,Northern,,
9,2022,Nyctinomops macrotis,,Survey,United States,Northern,,
9,2022,Parastrellus hesperus,,Survey,United States,Northern,,
9,2022,Perimyotis subflavus,,Survey,United States,Northern,,
9,2022,Tadarida brasiliensis,,Survey,United States,Northern,,
9,2022,Eptesicus fuscus,,Survey,United States,Northern,,
9,2022,Corynorhinus townsendii,,Survey,United States,Northern,,
10,2022,Plecotus auritus,,Survey,Poland,Northern,https://bioone.org/journals/journal-of-vertebrate-biology/volume-71/issue-21071/jvb.21071/Importance-of-anthropogenic-winter-roosts-for-endangered-hibernating-bats/10.25225/jvb.21071.full,
10,2022,Barbastella barbastellus,,Survey,Poland,Northern,,
10,2022,Myotis nattereri,,Survey,Poland,Northern,,
10,2022,Plecotus austriacus,,Survey,Poland,Northern,,
10,2022,Myotis myotis,,Survey,Poland,Northern,,
10,2022,Myotis bechsteinii,,Survey,Poland,Northern,,
10,2022,Myotis daubentonii,,Survey,Poland,Northern,,
10,2022,Myotis mystacinus,,Survey,Poland,Northern,,
10,2022,Eptesicus serotinus,,Survey,Poland,Northern,,
11,2021,Corynorhinus townsendii,,Collection,United States,Northern,https://www.nature.com/articles/s41598-021-00266-x,also included lab experiment 
11,2021,Eptesicus fuscus,,Collection,United States,Northern,,
11,2021,Lasionycteris noctivagans,,Collection,United States,Northern,,
11,2021,Myotis californicus,,Collection,United States,Northern,,
11,2021,Myotis ciliolabrum,,Collection,United States,Northern,,
11,2021,Myotis evotis,,Collection,United States,Northern,,
11,2021,Myotis lucifugus,,Collection,United States,Northern,,
11,2021,Myotis thysanodes,,Collection,United States,Northern,,
11,2021,Myotis velifer,,Collection,United States,Northern,,
11,2021,Myotis volans,,Collection,United States,Northern,,
11,2021,Myotis yumanensis,,Collection,United States,Northern,,
11,2021,Perimyotis subflavus,,Collection,United States,Northern,,
11,2021,Tadarida brasiliensis,,Collection,United States,Northern,,
12,2021,Myotis daubentonii,,Survey,Netherlands,Northern,https://www.researchgate.net/profile/Joris-Verhees/publication/365161362_Long-term_trends_of_bats_hibernating_in_small_artificial_hibernacula_in_northern_Limburg_and_population_dynamics_explained_by_climatic_conditions/links/63677179431b1f530075f96f/Long-term-trends-of-bats-hibernating-in-small-artificial-hibernacula-in-northern-Limburg-and-population-dynamics-explained-by-climatic-conditions.pdf,
12,2021,Myotis nattereri,,Survey,Netherlands,Northern,,
12,2021,Plecotus auritus,,Survey,Netherlands,Northern,,
13,2021,Myotis myotis,,Camera trap,Czech Republic,Northern,https://www.sciencedirect.com/science/article/pii/S0306456521002758,
14,2021,Myotis lucifugus,,Acoustic monitoring,United States,Northern,https://onlinelibrary.wiley.com/doi/full/10.1002/ece3.7641,
15,2021,Myotis lucifugus,,Acoustic monitoring,United States,Northern,https://academic.oup.com/jmammal/article/102/4/1110/6295925?login=true,
16,2021,Lasiurus cinereus,,Survey,United States,Northern,https://link.springer.com/article/10.1007/s42991-020-00080-4,
17,2021,Rhinolophus ferrumequinum,,Collection,Korea,Northern,https://bmcecolevol.biomedcentral.com/articles/10.1186/s12862-021-01802-z,
18,2021,Pipistrellus pygmaeus,,Acoustic monitoring,Norway,Northern,https://bmczool.biomedcentral.com/articles/10.1186/s40850-021-00065-x,
19,2021,Rhinolophus euryale,,Survey,Italy,Northern,https://link.springer.com/article/10.2478/s11756-020-00584-x,
19,2021,Rhinolophus ferrumequinum,,Survey,Italy,Northern,,
19,2021,Rhinolophus hipposideros,,Survey,Italy,Northern,,
19,2021,Barbastella barbastellus,,Survey,Italy,Northern,,
19,2021,Myotis emarginatus,,Survey,Italy,Northern,,
19,2021,Myotis myotis,,Survey,Italy,Northern,,
19,2021,Myotis blythii,,Survey,Italy,Northern,,
20,2021,Barbastella barbastellus,,Survey,Italy,Northern,https://journals.ku.edu/EuroJEcol/article/view/15560,
20,2021,Myotis emarginatus,,Survey,Italy,Northern,,
20,2021,Rhinolophus hipposideros,,Survey,Italy,Northern,,
21,2021,Tadarida teniotis,,Acoustic monitoring,Italy,Northern,"http://www.italian-journal-of-mammalogy.it/How-winter-prevailing-weather-conditions-influence-the-bat-activity-patterns-Hints,132521,0,2.html",
22,2020,Myotis septentrionalis,Yes,Mixed,United States,Northern,https://meridian.allenpress.com/jfwm/article/11/2/665/441001/Status-of-an-Anomalous-Population-of-Northern-Long,
23,2020,Myotis grisescens,,Collection,United States,Northern,https://bioone.org/journals/northeastern-naturalist/volume-27/issue-4/045.027.0405/----Custom-HTML----Seasonal/10.1656/045.027.0405.short,
24,2020,Myotis lucifugus,,Banding,United States,Northern,https://meridian.allenpress.com/jfwm/article/11/2/583/442592/Exceptional-Longevity-in-Little-Brown-Bats-Still,
25,2020,Myotis myotis,,Survey,Czech Republic,Northern,https://link.springer.com/article/10.1186/s12983-020-00370-0,
25,2020,Rhinolophus hipposideros,,Survey,Czech Republic,Northern,,
26,2020,Nyctalus noctula,,Survey,Poland,Northern,https://www.researchgate.net/profile/Grzegorz-Lesinski/publication/344386992_A_Mass_Wintering_of_the_Common_Noctule_Nyctalus_noctula_Schreber_1774_Chiroptera_Vespertilionidae_in_a_Town_of_South-eastern_Poland/links/5f6f0c7792851c14bc9737dc/A-Mass-Wintering-of-the-Common-Noctule-Nyctalus-noctula-Schreber-1774-Chiroptera-Vespertilionidae-in-a-Town-of-South-eastern-Poland.pdf,
27,2020,Myotis septentrionalis,,Survey,United States,Northern,https://bioone.org/journals/western-north-american-naturalist/volume-80/issue-1/064.080.0114/Winter-Use-of-a-Rock-Crevice-by-Northern-Long-Eared/10.3398/064.080.0114.full,
28,2021,Myotis myotis,Yes,Mixed,Germany,Northern,https://www.sciencedirect.com/science/article/pii/S0145305X21000252,
29,2020,Myotis lucifugus,,Collection,United States,Northern,https://journals.biologists.com/jeb/article/223/6/jeb211912/223689/Disease-recovery-in-bats-affected-by-white-nose,
30,2020,Barbastella barbastellus,,Survey,Poland,Northern,https://journals.plos.org/plosone/article?id=10.1371/journal.pone.0227912,
31,2021,Barbastella barbastellus,,Survey,Poland,Northern,https://www.nature.com/articles/s41598-020-80720-4,
32,2019,Myotis dasycneme,,Banding,Netherlands,Northern,https://journals.plos.org/plosone/article?id=10.1371/journal.pone.0217810,
33,2019,Myotis lucifugus,,Collection,United States,Northern,https://besjournals.onlinelibrary.wiley.com/doi/full/10.1111/1365-2656.12954,
34,2019,Myotis lucifugus,,Radio-telemetry,United States,Northern,https://academic.oup.com/jmammal/article/99/6/1294/5120206?login=true,
35,2019,Myotis daubentonii,,Survey,Sweden,Northern,https://www.ingentaconnect.com/content/miiz/actac/2018/00000020/00000002/art00012,
35,2019,Plecotus auritus,,Survey,Sweden,Northern,,
35,2019,Eptesicus nilssonii,,Survey,Sweden,Northern,,
35,2019,Myotis nattereri,,Survey,Sweden,Northern,,
35,2019,Myotis mystacinus,,Survey,Sweden,Northern,,
35,2019,Myotis brandtii,,Survey,Sweden,Northern,,
36,2017,Corynorhinus rafinesquii,,Collection,United States,Northern,https://bmczool.biomedcentral.com/articles/10.1186/s40850-017-0021-2,
36,2017,Eptesicus fuscus,,Collection,United States,Northern,,
36,2017,Lasiurus borealis,,Collection,United States,Northern,,
36,2017,Lasionycteris noctivagans,,Collection,United States,Northern,,
36,2017,Myotis grisescens,,Collection,United States,Northern,,
36,2017,Myotis leibii,,Collection,United States,Northern,,
36,2017,Myotis lucifugus,,Collection,United States,Northern,,
36,2017,Myotis septentrionalis,,Collection,United States,Northern,,
36,2017,Myotis sodalis,,Collection,United States,Northern,,
36,2017,Perimyotis subflavus,,Collection,United States,Northern,,
37,2017,Corynorhinus rafinesquii,,Mixed,United States,Northern,https://onlinelibrary.wiley.com/doi/full/10.1002/ece3.2772,
37,2017,Eptesicus fuscus,,Mixed,United States,Northern,,
37,2017,Lasiurus borealis,,Mixed,United States,Northern,,
37,2017,Lasionycteris noctivagans,,Mixed,United States,Northern,,
37,2017,Myotis grisescens,,Mixed,United States,Northern,,
37,2017,Myotis leibii,,Mixed,United States,Northern,,
37,2017,Myotis lucifugus,,Mixed,United States,Northern,,
37,2017,Myotis septentrionalis,,Mixed,United States,Northern,,
37,2017,Myotis sodalis,,Mixed,United States,Northern,,
37,2017,Perimyotis subflavus,,Mixed,United States,Northern,,
38,2016,Nyctophilus gouldi,Yes,Radio-telemetry,Australia,Southern,https://www.sciencedirect.com/science/article/pii/S0306456516301103,
39,2015,Myotis lucifugus,,Survey,United States,Northern,https://meridian.allenpress.com/jfwm/article/6/2/360/204032/Temporal-Changes-in-Body-Mass-and-Body-Condition,
39,2015,Myotis septentrionalis,,Survey,United States,Northern,,
39,2015,Myotis sodalis,,Survey,United States,Northern,,
39,2015,Perimyotis subflavus,,Survey,United States,Northern,,
40,2015,Plecotus auritus,,Survey,Russia,Northern,https://link.springer.com/article/10.1134/S1067413615050045,
40,2015,Eptesicus nilssonii,,Survey,Russia,Northern,,
40,2015,Myotis brandtii,,Survey,Russia,Northern,,
40,2015,Myotis mystacinus,,Survey,Russia,Northern,,
40,2015,Myotis daubentonii,,Survey,Russia,Northern,,
41,2015,Myotis lucifugus,,Survey,United States,Northern,https://journals.plos.org/plosone/article?id=10.1371/journal.pone.0133390,
41,2015,Myotis septentrionalis,,Survey,United States,Northern,,
41,2015,Perimyotis subflavus,,Survey,United States,Northern,,
41,2015,Eptesicus fuscus,,Survey,United States,Northern,,
41,2015,Myotis grisescens,,Survey,United States,Northern,,
41,2015,Myotis sodalis,,Survey,United States,Northern,,
42,2015,Eptesicus serotinus,,Survey,Netherlands,Northern,https://journals.plos.org/plosone/article?id=10.1371/journal.pone.0130850,
42,2015,Plecotus auritus,,Survey,Netherlands,Northern,,
42,2015,Pipistrellus pipistrellus,,Survey,Netherlands,Northern,,
42,2015,Myotis dasycneme,,Survey,Netherlands,Northern,,
42,2015,Myotis daubentonii,,Survey,Netherlands,Northern,,
42,2015,Myotis mystacinus,,Survey,Netherlands,Northern,,
42,2015,Myotis emarginatus,,Survey,Netherlands,Northern,,
42,2015,Myotis nattereri,,Survey,Netherlands,Northern,,
42,2015,Myotis myotis,,Survey,Netherlands,Northern,,
43,2015,Myotis lucifugus,,Survey,United States,Northern,https://royalsocietypublishing.org/doi/full/10.1098/rspb.2014.2335,
43,2015,Myotis septentrionalis,,Survey,United States,Northern,,
43,2015,Myotis leibii,,Survey,United States,Northern,,
43,2015,Myotis sodalis,,Survey,United States,Northern,,
43,2015,Perimyotis subflavus,,Survey,United States,Northern,,
43,2015,Eptesicus fuscus,,Survey,United States,Northern,,
44,2014,Eptesicus fuscus,Yes,Radio-telemetry,United States,Northern,https://journals.plos.org/plosone/article?id=10.1371/journal.pone.0113958,
45,2014,Plecotus auritus,,Survey,Latvia,Northern,https://www.degruyter.com/document/doi/10.1515/mammalia-2012-0104/html?lang=de,
45,2014,Eptesicus nilssonii,,Survey,Latvia,Northern,,
46,2013,Myotis mystacinus,,Radio-telemetry,Norway,Northern,https://bioone.org/journals/folia-zoologica/volume-62/issue-4/fozo.v62.i4.a7.2013/Roosts-used-by-bats-in-late-autumn-and-winter-at/10.25225/fozo.v62.i4.a7.2013.full,
46,2013,Plecotus auritus,,Radio-telemetry,Norway,Northern,,
46,2013,Myotis daubentonii,,Radio-telemetry,Norway,Northern,,
47,2013,Rhinolophus euryale,,Survey,Hungary,Northern,https://link.springer.com/article/10.2478/s11535-013-0199-9,
48,2013,Myotis lucifugus,,Survey,United States,Northern,https://journals.plos.org/plosone/article?id=10.1371/journal.pone.0065907,
48,2013,Myotis septentrionalis,,Survey,United States,Northern,,
48,2013,Perimyotis subflavus,,Survey,United States,Northern,,
48,2013,Myotis sodalis,,Survey,United States,Northern,,
49,2013,Myotis lucifugus,,Survey,United States,Northern,https://meridian.allenpress.com/jwd/article/49/2/398/121674/Electrolyte-Depletion-in-White-nose-Syndrome-Bats,
50,2012,Corynorhinus rafinesquii,Yes,Radio-telemetry,United States,Northern,https://journals.plos.org/plosone/article?id=10.1371/journal.pone.0049754,
51,2019,Corynorhinus townsendii,,Survey,United States,Northern,https://journals.plos.org/plosone/article?id=10.1371/journal.pone.0220839,
51,2019,Eptesicus fuscus,,Survey,United States,Northern,,
51,2019,Myotis austroriparius,,Survey,United States,Northern,,
51,2019,Myotis velifer,,Survey,United States,Northern,,
51,2019,Perimyotis subflavus,,Survey,United States,Northern,,
51,2019,Tadarida brasiliensis,,Survey,United States,Northern,,
52,2012,Myotis nattereri,Yes,Radio-telemetry,England,Northern,https://link.springer.com/article/10.1007/s00360-011-0631-x,
52,2012,Myotis lucifugus,Yes,Radio-telemetry,United States,Northern,https://journals.biologists.com/jeb/article/215/12/2141/10822/Hibernation-energetics-of-free-ranging-little,
53,2017,Myotis lucifugus,Yes,Radio-telemetry,Canada,Northern,https://www.journals.uchicago.edu/doi/full/10.1086/692623?casa_token=0YwbOuzwGyYAAAAA%3AF0tJPkFHsJ24SQer0Aq2lpU8qDtFVjTfGbU5CuZs7TIoYcwV7HM8F4oeUrctjgakLsnNUgyfmE17-Q,
54,2017,Mystacina tuberculata,Yes,Radio-telemetry,New Zealand,Southern,https://zslpublications.onlinelibrary.wiley.com/doi/full/10.1111/jzo.12486?casa_token=aSkHqieDXyYAAAAA%3A0DFvXl3yP-GTrNRejXXCSsiiyfPOlTmfTRiCkmmR9Sp0YY1VwIbLWttuqg2D6nwetoQTtIMss7-WMOXk6A,
55,2012,Myotis lucifugus,,Survey,United States,Northern,https://www.canadianfieldnaturalist.ca/index.php/cfn/article/view/1327,
55,2012,Myotis septentrionalis,,Survey,United States,Northern,,
55,2012,Perimyotis subflavus,,Survey,United States,Northern,,
56,2011,Rhinolophus euryale,,Survey,Romania,Northern,https://zslpublications.onlinelibrary.wiley.com/doi/full/10.1111/j.1469-1795.2010.00392.x?casa_token=5z-TsvQPZgYAAAAA%3AZ3KZC0DNaB5hy9FhPM1ei1ctgvwj83tALgRpDuwpOZAo3a9mUpzqbpRUdZQKBn8KUZzwzKvuWP-bkj41Zg,
56,2011,Myotis cappacinii,,Survey,Romania,Northern,,
56,2011,Myotis myotis,,Survey,Romania,Northern,,
56,2011,Myotis blythii,,Survey,Romania,Northern,,
56,2011,Pipistrellus pipistrellus,,Survey,Romania,Northern,,
56,2011,Nyctalus noctula,,Survey,Romania,Northern,,
56,2011,Barbastella barbastellus,,Survey,Romania,Northern,,
57,2011,Myotis bechsteinii,,Survey,Poland,Northern,https://www.degruyter.com/document/doi/10.1515/mamm.2011.003/html,
57,2011,Myotis dasycneme,,Survey,Poland,Northern,,
57,2011,Nyctalus noctula,,Survey,Poland,Northern,,
57,2011,Eptesicus serotinus,,Survey,Poland,Northern,,
57,2011,Myotis nattereri,,Survey,Poland,Northern,,
57,2011,Barbastella barbastellus,,Survey,Poland,Northern,,
57,2011,Myotis myotis,,Survey,Poland,Northern,,
57,2011,Plecotus auritus,,Survey,Poland,Northern,,
57,2011,Myotis daubentonii,,Survey,Poland,Northern,,
58,2010,Rhinolophus hipposideros,,Survey,Slovakia,Northern,https://journals.plos.org/plosone/article?id=10.1371/journal.pone.0013853,
58,2010,Myotis bechsteinii,,Survey,Slovakia,Northern,,
58,2010,Myotis brandtii,,Survey,Slovakia,Northern,,
58,2010,Myotis daubentonii,,Survey,Slovakia,Northern,,
58,2010,Myotis emarginatus,,Survey,Slovakia,Northern,,
58,2010,Myotis myotis,,Survey,Slovakia,Northern,,
58,2010,Myotis mystacinus,,Survey,Slovakia,Northern,,
58,2010,Myotis nattereri,,Survey,Slovakia,Northern,,
58,2010,Eptesicus nilssonii,,Survey,Slovakia,Northern,,
58,2010,Eptesicus serotinus,,Survey,Slovakia,Northern,,
58,2010,Pipistrellus pipistrellus,,Survey,Slovakia,Northern,,
58,2010,Nyctalus noctula,,Survey,Slovakia,Northern,,
58,2010,Vespertilio murinus,,Survey,Slovakia,Northern,,
58,2010,Barbastella barbastellus,,Survey,Slovakia,Northern,,
58,2010,Plecotus auritus,,Survey,Slovakia,Northern,,
58,2010,Plecotus austriacus,,Survey,Slovakia,Northern,,
59,2010,Eptesicus nilssonii,,Survey,Finland,Northern,https://link.springer.com/article/10.2478/s11535-009-0063-8,
59,2010,Myotis brandtii,,Survey,Finland,Northern,,
59,2010,Myotis mystacinus,,Survey,Finland,Northern,,
59,2010,Myotis daubentonii,,Survey,Finland,Northern,,
59,2010,Plecotus auritus,,Survey,Finland,Northern,,
60,2010,Nyctophilus bifax,Yes,Radio-telemetry,Australia,Southern,https://journals.biologists.com/jeb/article/213/3/393/10008/Seasonality-of-torpor-patterns-and-physiological,
61,2022,Myotis macropus,Yes,Radio-telemetry,Australia,Southern,https://academic.oup.com/jmammal/advance-article-abstract/doi/10.1093/jmammal/gyac061/6632405?redirectedFrom=fulltext&casa_token=AGC2dZwzqncAAAAA:2NAg7NuhqmyG-bMdnDEtLZIMMSwT1hnJNLIPB2NFdmZ6WG3V6CHfVOzW7FWfbpqsK_4vCNJkuuKXT10w&login=true&utm_source=TrendMD&utm_campaign=Journal_of_Mammalogy_TrendMD_0&utm_medium=cpc,
62,2014,Myotis vivesi,Yes,Radio-telemetry,United States,Northern,https://www.ingentaconnect.com/content/miiz/actac/2014/00000016/00000002/art00006,
63,2013,Nycteris thebaica,Yes,Radio-telemetry,South Africa,Southern,https://www.sciencedirect.com/science/article/abs/pii/S1616504712002790,
64,2010,Myotis lucifugus,Yes,Radio-telemetry,United States,Northern,https://bioone.org/journals/northeastern-naturalist/volume-17/issue-2/045.017.0207/Use-of-Temperature-Sensitive-Transmitters-to-Monitor-the-Temperature-Profiles/10.1656/045.017.0207.full,
64,2010,Myotis septentrionalis,Yes,Radio-telemetry,United States,Northern,,
65,2012,Myotis lucifugus,Yes,Radio-telemetry,United States,Northern,https://journals.plos.org/plosone/article?id=10.1371/journal.pone.0038920,
66,2010,Myotis nattereri,,Survey,Poland,Northern,https://www.researchgate.net/profile/Maciej-Fuszara/publication/269631057_Population_changes_in_natterer's_bat_myotis_nattereri_and_Daubenton's_bat_m_daubentonii_in_winter_roosts_of_central_Poland/links/59f30623458515bfd0820043/Population-changes-in-natterers-bat-myotis-nattereri-and-Daubentons-bat-m-daubentonii-in-winter-roosts-of-central-Poland.pdf,
66,2010,Myotis daubentonii,,Survey,Poland,Northern,,
67,2009,Barbastella barbastellus,,Collection,Poland,Northern,https://www.ingentaconnect.com/content/miiz/actac/2009/00000011/00000002/art00013,
68,2009,Myotis nattereri,,Survey,Poland,Northern,https://www.researchgate.net/profile/Grzegorz-Lesinski/publication/268683440_Bats_at_small_subterranean_winter_roosts_Effect_of_forest_cover_in_the_surrounding_landscape/links/54730a630cf216f8cfae96d7/Bats-at-small-subterranean-winter-roosts-Effect-of-forest-cover-in-the-surrounding-landscape.pdf,
68,2009,Myotis mystacinus,,Survey,Poland,Northern,,
68,2009,Myotis brandtii,,Survey,Poland,Northern,,
68,2009,Myotis dasycneme,,Survey,Poland,Northern,,
68,2009,Myotis daubentonii,,Survey,Poland,Northern,,
68,2009,Eptesicus nilssonii,,Survey,Poland,Northern,,
68,2009,Eptesicus serotinus,,Survey,Poland,Northern,,
68,2009,Plecotus auritus,,Survey,Poland,Northern,,
68,2009,Plecotus austriacus,,Survey,Poland,Northern,,
68,2009,Barbastella barbastellus,,Survey,Poland,Northern,,
69,2022,Plecotus auritus,,Survey,Poland,Northern,https://bioone.org/journals/journal-of-vertebrate-biology/volume-71/issue-21071/jvb.21071/Importance-of-anthropogenic-winter-roosts-for-endangered-hibernating-bats/10.25225/jvb.21071.short,
69,2022,Plecotus austriacus,,Survey,Poland,Northern,,
69,2022,Myotis myotis,,Survey,Poland,Northern,,
69,2022,Myotis nattereri,,Survey,Poland,Northern,,
69,2022,Myotis bechsteinii,,Survey,Poland,Northern,,
69,2022,Myotis daubentonii,,Survey,Poland,Northern,,
69,2022,Myotis mystacinus,,Survey,Poland,Northern,,
69,2022,Barbastella barbastellus,,Survey,Poland,Northern,,
69,2022,Eptesicus serotinus,,Survey,Poland,Northern,,
70,2013,Chalinolobus tuberculatus,,Acoustic monitoring,New Zealand,Southern,https://www.tandfonline.com/doi/full/10.1080/03014223.2013.827125,
71,2008,Nyctophilus geoffroyi,Yes,Radio-telemetry,Australia,Southern,https://link.springer.com/article/10.1007/s00360-007-0249-1,
71,2008,Nyctophilus gouldi,Yes,Radio-telemetry,Australia,Southern,,
72,2012,Myotis nattereri,Yes,Radio-telemetry,England,Northern,https://link.springer.com/article/10.1007/s00360-011-0631-x,
73,2015,Rhinopoma microphyllum,Yes,Radio-telemetry,Iseral,Northern,https://royalsocietypublishing.org/doi/full/10.1098/rspb.2014.2781,
73,2015,Rhinopoma cystops,Yes,Radio-telemetry,Iseral,Northern,,
74,2012,Eptesicus fuscus,Yes,Radio-telemetry,United States,Northern,https://academic.oup.com/jmammal/article/93/2/497/922002?login=false,
75,2011,Hipposideros armiger,Yes,Radio-telemetry,Taiwan,Northern,https://link.springer.com/article/10.1007/s00360-010-0509-3,
76,2011,Nyctophilus geoffroyi,Yes,Radio-telemetry,Australia,Southern,https://link.springer.com/article/10.1007/s00114-011-0779-y,
77,2017,Pipistrellus pygmaeus,,Acoustic monitoring,Portugal,Northern,https://www.ingentaconnect.com/content/miiz/actac/2017/00000019/00000002/art00013,
77,2017,Pipistrellus pipistrellus,,Acoustic monitoring,Portugal,Northern,,
77,2017,Pipistrellus kuhlii,,Acoustic monitoring,Portugal,Northern,,
78,2008,Plecotus auritus,,Survey,Russia,Northern,https://link.springer.com/article/10.1134/S1062359008020167,
78,2008,Myotis daubentonii,,Survey,Russia,Northern,,
78,2008,Myotis mystacinus,,Survey,Russia,Northern,,
78,2008,Myotis dasycneme,,Survey,Russia,Northern,,
78,2008,Myotis brandtii,,Survey,Russia,Northern,,
79,2008,Eptesicus nilssonii,,Survey,Finland,Northern,https://www.degruyter.com/document/doi/10.1515/MAMM.2008.003/html,
79,2008,Myotis brandtii,,Survey,Finland,Northern,,
79,2008,Myotis daubentonii,,Survey,Finland,Northern,,
79,2008,Plecotus auritus,,Survey,Finland,Northern,,
79,2008,Myotis mystacinus,,Survey,Finland,Northern,,
80,2021,Lasiurus borealis,Yes,Radio-telemetry,United States,Northern,https://www.mdpi.com/1999-4907/12/12/1769,
81,2007,Myotis myotis,,Collection,Germany,Northern,https://bioone.org/journals/acta-chiropterologica/volume-9/issue-1/1733-5329(2007)9%5B115%3ACTOTYF%5D2.0.CO%3B2/Critical-times-of-the-year-for-span-classgenus-speciesMyotis-myotis/10.3161/1733-5329(2007)9[115:CTOTYF]2.0.CO;2.full?casa_token=BlHgfnPQD8sAAAAA:Yoq9cLY7zq2hMtvp2hpaA-J56yQNjDBbLjulRARY6Nv1JDPAsQf1_lVZXnnan9WgJ65Xbgxb63A,
82,2007,Miniopterus schreibersii,,Survey,Slovakia,Northern,"http://www.italian-journal-of-mammalogy.it/Bat-hibernacula-in-a-cave-rich-landscape-of-the-northern-Dinaric-karst-Slovenia,77385,0,2.html",
82,2007,Rhinolophus ferrumequinum,,Survey,Slovakia,Northern,,
82,2007,Rhinolophus hipposideros,,Survey,Slovakia,Northern,,
83,2007,Myotis leibii,,Survey,United States,Northern,https://bioone.org/journals/northeastern-naturalist/volume-14/issue-3/1092-6194_2007_14_501_ANHROM_2.0.CO_2/A-Noteworthy-Hibernation-Record-of-Myotis-leibii-Eastern-Small-footed/10.1656/1092-6194(2007)14[501:ANHROM]2.0.CO;2.full,
84,2017,Myotis leibii,,Acoustic monitoring,United States,Northern,https://bioone.org/journals/northeastern-naturalist/volume-24/issue-sp7/045.024.s720/High-Rates-of-Winter-Activity-and-Arousals-in-Two-New/10.1656/045.024.s720.full,
84,2017,Eptesicus fuscus,,Acoustic monitoring,United States,Northern,,
84,2017,Myotis lucifugus,,Acoustic monitoring,United States,Northern,,
84,2017,Myotis septentrionalis,,Acoustic monitoring,United States,Northern,,
84,2017,Perimyotis subflavus,,Acoustic monitoring,United States,Northern,,
84,2017,Eptesicus fuscus,,Acoustic monitoring,United States,Northern,,
85,2006,Eptesicus fuscus,,Radio-telemetry,United States,Northern,https://academic.oup.com/jmammal/article/87/3/470/896483?login=false,
86,2006,Mystacina tuberculata,,Acoustic monitoring,New Zealand,Southern,https://www.tandfonline.com/doi/abs/10.1080/03014223.2006.9518437,
87,2006,Chalinolobus morio,Yes,Radio-telemetry,Australia,Southern,https://academic.oup.com/jmammal/article/87/2/318/871077?login=false,
88,2005,Barbastella barbastellus,,Survey,Poland,Northern,https://www.proquest.com/docview/206318408?pq-origsite=gscholar&fromopenview=true,
89,2005,Myotis myotis,,Survey,Czech Republic,Northern,https://link.springer.com/article/10.1016/j.mambio.2005.03.003,
89,2005,Rhinolophus hipposideros,,Survey,Czech Republic,Northern,,
90,2004,Corynorhinus mexicanus,,Survey,Mexico,Northern,https://academic.oup.com/jmammal/article/85/5/989/862654?login=false,
90,2004,Corynorhinus townsendii,,Survey,Mexico,Northern,,
91,2004,Myotis daubentonii,,Survey,Poland,Northern,https://www.ingentaconnect.com/content/miiz/actac/2004/00000006/00000001/art00010,
92,2003,Pipistrellus subflavus,,Survey,United States,Northern,https://bioone.org/journals/the-american-midland-naturalist/volume-149/issue-2/0003-0031_2003_149_0406_SUASOC_2.0.CO_2/Seasonal-Use-and-Selection-of-Caves-by-the-Eastern-Pipistrelle/10.1674/0003-0031(2003)149[0406:SUASOC]2.0.CO;2.full,
93,2002,Eptesicus fuscus,,Survey,United States,Northern,https://www.researchgate.net/profile/Donald-Mcalpine/publication/290159900_Over-wintering_and_reproduction_by_the_Big_Brown_Bat_Eptesicus_fuscus_in_New_Brunswick/links/5a12ebdf0f7e9b1e572c2001/Over-wintering-and-reproduction-by-the-Big-Brown-Bat-Eptesicus-fuscus-in-New-Brunswick.pdf,
94,2002,Rhinolophus hipposideros,,Collection,Czech Republic,Northern,https://www.researchgate.net/profile/Josef-Chytil/publication/237369915_Mark-recapture_results_and_changes_in_bat_abundance_at_the_cave_of_Na_Turoldu_Czech_Republic/links/5b851090299bf1d5a72c99df/Mark-recapture-results-and-changes-in-bat-abundance-at-the-cave-of-Na-Turoldu-Czech-Republic.pdf,
94,2002,Myotis myotis,,Collection,Czech Republic,Northern,,
94,2002,Myotis blythii,,Collection,Czech Republic,Northern,,
94,2002,Myotis mystacinus,,Collection,Czech Republic,Northern,,
94,2002,Myotis brandtii,,Collection,Czech Republic,Northern,,
94,2002,Myotis emarginatus,,Collection,Czech Republic,Northern,,
94,2002,Myotis nattereri,,Collection,Czech Republic,Northern,,
94,2002,Myotis daubentonii,,Collection,Czech Republic,Northern,,
94,2002,Plecotus auritus,,Collection,Czech Republic,Northern,,
94,2002,Plecotus austriacus,,Collection,Czech Republic,Northern,,
95,2001,Mystacina tuberculata,,Radio-telemetry,New Zealand,Southern,https://www.infona.pl/resource/bwmeta1.element.agro-b7f36651-ec50-4091-83df-cd3ede69671f,
96,1999,Rhinolophus ferrumequinum,,Acoustic monitoring,United States,Northern,https://www.cambridge.org/core/journals/journal-of-zoology/article/abs/winter-activity-of-a-population-of-greater-horseshoe-bats-rhinolophus-ferrumequinum/5B051D3DB78B5A27F11E6FDBD90C5520,
97,2002,Rhinolophus ferrumequinum,Yes,Radio-telemetry,United States,Northern,https://www.jstor.org/stable/2656391?seq=2#metadata_info_tab_contents,
98,2015,Myotis lucifugus,Yes,Radio-telemetry,Canada,Northern,https://link.springer.com/article/10.1007/s00360-015-0900-1,
99,2019,Rhinolophus ferrumequinum,,Banding,Korea,Northern,https://link.springer.com/article/10.1186/s41610-018-0097-9,
100,2019,Myotis myotis,,Camera trap,Czech Republic,Northern,https://www.sciencedirect.com/science/article/pii/S0306456518303826?casa_token=nIey-p6JAGgAAAAA:AD7qvIfNzS7JykpsfwU9ZA8dIOzkkXFn-tr8qNKBZ8_IrbYdbcT7MS-3Ly_rGt80-qOHWzvdBvYO,
101,1998,Rhinolophus ferrumequinum,,Collection,Japan,Northern,https://bioone.org/journals/zoological-science/volume-15/issue-5/zsj.15.779/Changes-in-the-Gonadotropin-Releasing-Hormone-GnRH-Neuronal-System-during/10.2108/zsj.15.779.full,
102,1995,Myotis lucifugus,,Survey,United States,Northern,https://academic.oup.com/jmammal/article-abstract/76/3/940/864780?login=false,
102,1995,Myotis septentrionalis,,Survey,United States,Northern,,
103,1993,Myotis lucifugus,,Collection,United States,Northern,https://www.jstor.org/stable/2426448#metadata_info_tab_contents,
103,1993,Myotis septentrionalis,,Collection,United States,Northern,,
104,2002,Corynorhinus townsendii,,Camera trap,United States,Northern,https://academic.oup.com/jmammal/article/83/2/590/2373359?login=false,
105,2008,Tadarida brasiliensis,,Survey,Mexico,Northern,https://bioone.org/journals/The-Southwestern-Naturalist/volume-53/issue-2/0038-4909(2008)53[243:WAOBFB]2.0.CO;2/Winter-Activity-of-Brazilian-Free-Tailed-Bats-Tadarida-brasiliensis-at/10.1894/0038-4909(2008)53[243:WAOBFB]2.0.CO;2.short,
106,2015,Tadarida brasiliensis,,Survey,United States,Northern,https://bioone.org/journals/the-southwestern-naturalist/volume-60/issue-2-3/SWNAT-D-14-00022.1/Baseline-population-estimates-and-microclimate-data-for-newly-established-overwintering/10.1894/SWNAT-D-14-00022.1.full,
107,1992,Eptesicus fuscus,,Survey,United States,Northern,https://academic.oup.com/jmammal/article-abstract/73/2/312/1108338?login=false,
108,1992,Pipistrellus subflavus,,Collection,United States,Northern,https://www.jstor.org/stable/2426321#metadata_info_tab_contents,
108,1992,Myotis septentrionalis,,Collection,United States,Northern,,
109,1967,Parastrellus hesperus,,Collection,United States,Northern,https://www.jstor.org/stable/3669270#metadata_info_tab_contents,
109,1967,Myotis californicus,,Collection,United States,Northern,,
110,1970,Parastrellus hesperus,,Collection,United States,Northern,https://academic.oup.com/jmammal/article-abstract/51/1/18/884182,
110,1970,Myotis californicus,,Collection,United States,Northern,,
111,1979,Parastrellus hesperus,,Collection,United States,Northern,https://www.jstor.org/stable/3671300?seq=2#metadata_info_tab_contents,
111,1979,Myotis californicus,,Collection,United States,Northern,,
112,2002,Myotis lucifugus,,Survey,United States,Northern,https://bioone.org/journals/northwestern-naturalist/volume-95/issue-1/NWN13-03.1/Winter-Acoustic-Activity-of-Bats-in-Montana/10.1898/NWN13-03.1.full,
113,2014,Corynorhinus townsendii,,Acoustic monitoring,United States,Northern,https://bioone.org/journals/northwestern-naturalist/volume-95/issue-1/NWN13-03.1/Winter-Acoustic-Activity-of-Bats-in-Montana/10.1898/NWN13-03.1.full,
113,2014,Myotis ciliolabrum,,Acoustic monitoring,United States,Northern,,
114,2002,Corynorhinus townsendii,,Camera trap,United States,Northern,https://academic.oup.com/jmammal/article/83/2/590/2373359,
115,2014,Myotis lucifugus,,PIT-tag tracking,Canada,Northern,https://zslpublications.onlinelibrary.wiley.com/doi/full/10.1111/jzo.12155?casa_token=XiE6qhC9pqEAAAAA%3A0PiXqeRCj1rEncDnduS7t-FwvxIMnYZnv9L-8LZYlICIcK8jlcS1dzE3QtTPSvQs-Gtxp-M0fgHS9qSs5A,
116,1967,Plecotus townsendii,,Survey,United States,Northern,https://academic.oup.com/jmammal/article-abstract/57/3/470/872267,
117,1997,Corynorhinus mexicanus,,Survey,United States,Northern,https://www.jstor.org/stable/2426857?seq=1#metadata_info_tab_contents,
118,2005,Euderma maculatum,,Collection,United States,Northern,https://bioone.org/journals/the-southwestern-naturalist/volume-50/issue-3/0038-4909_2005_050_0402_DOAUWR_2.0.CO_2/DOCUMENTATION-OF-AN-URBAN-WINTER-ROOST-OF-THE-SPOTTED-BAT/10.1894/0038-4909(2005)050[0402:DOAUWR]2.0.CO;2.full,
119,1972,Eptesicus fuscus,,Banding,United States,Northern,https://www.jstor.org/stable/1378850?seq=3#metadata_info_tab_contents,
120,1998,Nyctophilus gouldi,,Collection,Australia,Southern,https://www.publish.csiro.au/AM/AM98349,
120,1998,Nyctophilus geoffroyi,,Collection,Australia,Southern,,
121,2000,Eptesicus fuscus,,Banding,United States,Northern,https://bioone.org/journals/the-american-midland-naturalist/volume-143/issue-2/0003-0031_2000_143_0389_PSADOB_2.0.CO_2/Population-Structure-and-Dynamics-of-Big-Brown-Bats-Eptesicus-fuscus/10.1674/0003-0031(2000)143[0389:PSADOB]2.0.CO;2.full,
122,1936,Eptesicus fuscus,,Survey,United States,Northern,https://www.jstor.org/stable/1374548?seq=1#metadata_info_tab_contents,
122,1936,Pipistrellus subflavus,,Survey,United States,Northern,,
122,1936,Myotis lucifugus,,Survey,United States,Northern,,
122,1936,Myotis septentrionalis,,Survey,United States,Northern,,
123,1942,Eptesicus fuscus,,Banding,United States,Northern,https://www.jstor.org/stable/2420702?seq=4#metadata_info_tab_contents,
124,1973,Myotis mystacinus,,Mixed,Netherlands,Northern,https://core.ac.uk/download/pdf/148294565.pdf,
124,1973,Myotis daubentonii,,Mixed,Netherlands,Northern,,
124,1973,Myotis dasycneme,,Mixed,Netherlands,Northern,,
124,1973,Myotis nattereri,,Mixed,Netherlands,Northern,,
124,1973,Myotis myotis,,Mixed,Netherlands,Northern,,
124,1973,Myotis emarginatus,,Mixed,Netherlands,Northern,,
124,1973,Eptesicus serotinus,,Mixed,Netherlands,Northern,,
125,1964,Myotis lucifugus,,Survey,United States,Northern,https://academic.oup.com/jmammal/article-abstract/45/3/475/996464?login=false,
126,1986,Eptesicus fuscus,,Banding,Canada,Northern,https://cdnsciencepub.com/doi/pdf/10.1139/z87-192,
127,2017,Eptesicus fuscus,Yes,Mixed,Canada,Northern,https://academic.oup.com/jmammal/article/98/3/752/3748303?login=false,
128,2006,Myotis ciliolabrum,,Mixed,Canada,Northern,https://cdnsciencepub.com/doi/full/10.1139/z06-093?casa_token=ZWVIhkSbi9oAAAAA%3AJXvndjqVeZQ8h5Lr8iQm88YRUC66bx9y9f_AHUvW_IVqo9VEqdPAYMU43oVNXhrmSSm2hTe-bxrrHnE,
128,2006,Eptesicus fuscus,,Mixed,Canada,Northern,,
129,2007,Lasiurus borealis,,Radio-telemetry,United States,Northern,https://wildlife.onlinelibrary.wiley.com/doi/abs/10.2193/2005-622?casa_token=hzCoB91TCIwAAAAA:YH66WY7NCsmlREw3WAwpZk7BebD0_BVCfdacgl6FMyusHRx2GKGNjiZFSioPwfzQO_Q6NVdPFxeWN3VW_A,
130,1964,Myotis lucifugus,,Survey,United States,Northern,https://www.jstor.org/stable/1377349?seq=3#metadata_info_tab_contents,
130,1964,Pipistrellus subflavus,,Survey,United States,Northern,,
131,2001,Pipistrellus subflavus,,Banding,United States,Northern,https://academic.oup.com/jmammal/article/82/1/173/2372829?login=false,
132,2020,Perimyotis subflavus,,Survey,United States,Northern,https://academic.oup.com/jmammal/article/101/2/535/5799199?login=false,
133,2014,Rhinolophus ferrumequinum,,Survey,Korea,Northern,https://koreascience.kr/article/JAKO201404164659755.page,
133,2014,Eptesicus serotinus,,Survey,Korea,Northern,,
133,2014,Hypsugo alaschanicus,,Survey,Korea,Northern,,
133,2014,Miniopterus fuliginosus,,Survey,Korea,Northern,,
133,2014,Murina hilgendorf,,Survey,Korea,Northern,,
133,2014,Myotis aurascens,,Survey,Korea,Northern,,
133,2014,Myotis bombinus,,Survey,Korea,Northern,,
133,2014,Myotis formosus,,Survey,Korea,Northern,,
133,2014,Myotis macrodactylus,,Survey,Korea,Northern,,
133,2014,Myotis petax,,Survey,Korea,Northern,,
133,2014,Plecotus ognevi,,Survey,Korea,Northern,,
134,2018,Plecotus ognevi,,Survey,Korea,Northern,https://koreascience.kr/article/JAKO201830351884181.page,
135,1998,Corynorhinus townsendii,,Survey,United States,Northern,https://www.jstor.org/stable/41713038?seq=3#metadata_info_tab_contents,
135,1998,Lasionycteris noctivagans,,Survey,United States,Northern,,
135,1998,Parastrellus hesperus,,Survey,United States,Northern,,
135,1998,Eptesicus fuscus,,Survey,United States,Northern,,
135,1998,Myotis volans,,Survey,United States,Northern,,
135,1998,Myotis ciliolabrum,,Survey,United States,Northern,,
136,1960,Myotis velifer,,Banding,United States,Northern,https://www.jstor.org/stable/2422796?seq=2#metadata_info_tab_contents,
137,1965,Myotis velifer,,Banding,United States,Northern,https://academic.oup.com/jmammal/article-abstract/46/4/612/847947,
138,2010,Myotis velifer,,Collection,United States,Northern,https://bioone.org/journals/The-Southwestern-Naturalist/volume-55/issue-3/JKF-06.1/Loss-in-Mass-by-Hibernating-Cave-Myotis-span-classgenus-speciesMyotis/10.1894/JKF-06.1.short,
139,2007,Myotis velifer,,Collection,United States,Northern,https://bioone.org/journals/the-southwestern-naturalist/volume-52/issue-1/0038-4909(2007)52[67:SRVOMV]2.0.CO;2/SEX-RATIO-VARIATION-OF-MYOTIS-VELIFER-CHIROPTERA--VESPERTILIONIDAE-IN/10.1894/0038-4909(2007)52[67:SRVOMV]2.0.CO;2.short,
140,1993,Myotis sodalis,,Collection,United States,Northern,https://conbio.onlinelibrary.wiley.com/doi/abs/10.1046/j.1523-1739.1993.07020407.x?casa_token=1gyPaS1dbJkAAAAA:Ywglhv54DQzvoBKYO7r-K3Zn9hjFivWTah8ponPdnRyX1aiiHhDGJygsOCcpHMYohnXBNkGO4Z_CXjSwTg,
141,1970,Myotis sodalis,,Survey,United States,Northern,https://www.jstor.org/stable/1378324?seq=1#metadata_info_tab_contents,
142,1974,Myotis lucifugus,,Survey,United States,Northern,https://www.jstor.org/stable/1379416?seq=2#metadata_info_tab_contents,
143,1980,Rhinolophus cornutus,,Survey,Japan,Northern,https://www.jstor.org/stable/1379965?seq=2#metadata_info_tab_contents,
144,1940,Myotis lucifugus,,Survey,United States,Northern,https://www.jstor.org/stable/1374974?seq=1#metadata_info_tab_contents,
144,1940,Myotis sodalis,,Survey,United States,Northern,,
144,1940,Myotis keenii,,Survey,United States,Northern,,
144,1940,Pipistrellus subflavus,,Survey,United States,Northern,,
144,1940,Eptesicus fuscus,,Survey,United States,Northern,,
145,2003,Pipistrellus pipistrellus,,Banding,Germany,Northern,https://besjournals.onlinelibrary.wiley.com/doi/full/10.1046/j.1365-2656.2003.00702.x,
146,1987,Pipistrellus subflavus,,Survey,United States,Northern,https://www.jstor.org/stable/2425624?seq=3#metadata_info_tab_contents,
146,1987,Myotis lucifugus,,Survey,United States,Northern,,
146,1987,Myotis sodalis,,Survey,United States,Northern,,
146,1987,Myotis keenii,,Survey,United States,Northern,,
146,1987,Eptesicus fuscus,,Survey,United States,Northern,,
147,1990,Myotis californicus,,Survey,United States,Northern,https://www.jstor.org/stable/3536594?seq=2#metadata_info_tab_contents,
147,1990,Myotis evotis,,Survey,United States,Northern,,
147,1990,Myotis leibii,,Survey,United States,Northern,,
147,1990,Myotis lucifugus,,Survey,United States,Northern,,
147,1990,Myotis thysanodes,,Survey,United States,Northern,,
147,1990,Myotis volans,,Survey,United States,Northern,,
147,1990,Tadarida brasiliensis,,Survey,United States,Northern,,
148,1993,Myotis yumanensis,,Survey,Canada,Northern,https://www.jstor.org/stable/3536599?seq=2#metadata_info_tab_contents,
148,1993,Nyctinomops macrotis,,Survey,Canada,Northern,,
148,1993,Eptesicus fuscus,,Survey,Canada,Northern,,
148,1993,Lasionycteris noctivagans,,Survey,Canada,Northern,,
148,1993,Myotis californicus,,Survey,Canada,Northern,,
148,1993,Myotis lucifugus,,Survey,Canada,Northern,,
148,1993,Plecotus townsendii,,Survey,Canada,Northern,,
149,1987,Rhinolophus hipposideros,,Survey,Poland,Northern,https://rcin.org.pl/ibs/dlibra/publication/27301/edition/11233/content,
149,1987,Myotis myotis,,Survey,Poland,Northern,,
150,2012,Corynorhinus townsendii,,Survey,United States,Northern,https://www.jstor.org/stable/23259692?seq=2#metadata_info_tab_contents,
150,2012,Myotis lucifugus,,Survey,United States,Northern,,
150,2012,Eptesicus fuscus,,Survey,United States,Northern,,
150,2012,Myotis volans,,Survey,United States,Northern,,
150,2012,Myotis ciliolabrum,,Survey,United States,Northern,,
150,2012,Myotis evotis,,Survey,United States,Northern,,
150,2012,Myotis lucifugus,,Survey,United States,Northern,,
151,1982,Miniopterus orianae oceanensis,,Survey,Australia,Southern,https://onlinelibrary.wiley.com/doi/pdf/10.1111/j.1442-9993.1982.tb01586.x?casa_token=iF6Kz8GisfEAAAAA:bOTrODeWy0RIs9c_wW5whlauTJPLvzxHd1XIuWbCNhDBjVxIsk2lUUM7F6Jf-LSeIj3zbx_MDAVdD_I2VQ,
152,2022,Miniopterus orianae bassanii,,PIT-tag tracking,Australia,Southern,https://www.publish.csiro.au/WR/WR21088,
153,2014,Rousettus aegyptiacus,,Survey,Lebanon,Northern,http://80.90.161.188:2121/bims/public/Files/Journal-low%20RZ.pdf#page=154,
153,2014,Myotis capacinii,,Survey,Lebanon,Northern,,
153,2014,Myotis myotis,,Survey,Lebanon,Northern,,
153,2014,Miniopterus schreibersii,,Survey,Lebanon,Northern,,
153,2014,Pipistrellus kuhlii,,Survey,Lebanon,Northern,,
153,2014,Pipistrellus pipistrellus,,Survey,Lebanon,Northern,,
153,2014,Rhinolophus blassii,,Survey,Lebanon,Northern,,
153,2014,Rhinolophus euryale,,Survey,Lebanon,Northern,,
153,2014,Rhinolophus ferrumequinum,,Survey,Lebanon,Northern,,
153,2014,Rhinolophus hipposideros,,Survey,Lebanon,Northern,,
154,2021,Eptesicus nilssonii,,Acoustic monitoring,Finland,Northern,https://link.springer.com/article/10.1007/s42991-021-00111-8,
154,2021,Plecotus auritus,,Acoustic monitoring,Finland,Northern,,
155,2016,Pipistrellus pipistrellus,,Acoustic monitoring,Germany,Northern,https://link.springer.com/article/10.1016/j.mambio.2014.10.005,
155,2016,Pipistrellus nathusii,,Acoustic monitoring,Germany,Northern,,
155,2016,Vespertilio murinus,,Acoustic monitoring,Germany,Northern,,
156,2014,Myotis lucifugus,,Acoustic monitoring,Canada,Northern,https://bioone.org/journals/northwestern-naturalist/volume-95/issue-3/12-32.1/Aspects-of-the-Winter-Ecology-of-Bats-on-Haida-Gwaii/10.1898/12-32.1.short,
156,2014,Myotis californicus,,Acoustic monitoring,Canada,Northern,,
156,2014,Myotis keenii,,Acoustic monitoring,Canada,Northern,,
156,2014,Lasionycteris noctivagans,,Acoustic monitoring,Canada,Northern,,
157,2010,Lasionycteris noctivagans,,Radio-telemetry,United States,Northern,https://bioone.org/journals/southeastern-naturalist/volume-9/issue-3/058.009.0313/Winter-Roosting-Ecology-of-Silver-Haired-Bats-in-an-Arkansas/10.1656/058.009.0313.short,
158,1934,Rhinolophus ferrumequinum,,Survey,England,Northern,https://www.ncbi.nlm.nih.gov/pmc/articles/PMC1394286/?page=1,
158,1934,Rhinolophus hipposideros,,Survey,England,Northern,,
159,2007,Mops condylurus,Yes,Radio-telemetry,South Africa,Southern,https://www.tandfonline.com/doi/abs/10.1080/15627020.2007.11407377?casa_token=M12vUGWruDMAAAAA:YGfd4y5BGOfuICtZc0dcNn_3YHi86N5Vv_MDzfBvE4skJZ3LFpI-mRrI4PC8yrEAjWfKfOYBXPXdMEU,
160,2009,Tadarida aegyptiaca,Yes,Radio-telemetry,South Africa,Southern,https://repository.up.ac.za/bitstream/handle/2263/11300/Toussaint_Heterothermy(2009).pdf?sequence=1,
161,2005,Nycticeius humeralis,,Radio-telemetry,United States,Northern,https://bioone.org/journals/Southeastern-Naturalist/volume-4/issue-2/1528-7092(2005)004[0375:UOAUWR]2.0.CO;2/Use-of-an-Underground-Winter-Roost-by-a-Male-Evening/10.1656/1528-7092(2005)004[0375:UOAUWR]2.0.CO;2.full?casa_token=7EZi7vuU25IAAAAA:jd463g3rAgHnIvQvAu4ZpuLZZNyvGpPyGUs8t55m6hFin3mKW3RTSL9xx38dyGDQh6Lib2FwqmM,
162,2017,Mystacina tuberculata,Yes,Radio-telemetry,New Zealand,Southern,https://link.springer.com/article/10.1007/s00442-016-3707-1,
163,2013,Myotis lucifugus,Yes,Radio-telemetry,Canada,Northern,https://link.springer.com/article/10.1007/s00360-013-0753-4,
164,2019,Myotis lucifugus,,PIT-tag tracking,United States,Northern,https://cdnsciencepub.com/doi/full/10.1139/cjz-2018-0340?casa_token=h0bm5AMDDs0AAAAA%3AuuwRrH95R3mefIMzA1uo7ozDFQi1PdBFG20bhu8SZ2ZMq0i17Qd4dW9t9b2E28SKG6DpD8qvCzEvMEg,
164,2019,Myotis septentrionalis,,PIT-tag tracking,United States,Northern,,
164,2019,Perimyotis subflavus,,PIT-tag tracking,United States,Northern,,
165,2019,Myotis myotis,Yes,Camera trap,Czech Republic,Northern,https://www.sciencedirect.com/science/article/pii/S0306456518303826?casa_token=iqXCs85y6R4AAAAA:d-z9o-vKYxWyGTXsJK64xrMz5UCJYOlnekJAd3dHLghiEy001XIJwLKZYb1MwTXaLpdwx3_Q7v1P#bib16,
166,2020,Plecotus auritus,,Survey,Germany,Northern,https://www.ingentaconnect.com/content/miiz/actac/2020/00000022/00000002/art00012,
166,2020,Myotis nattereri,,Survey,Germany,Northern,,
167,2021,Myotis ciliolabrum,,Acoustic monitoring,United States,Northern,https://www.nature.com/articles/s41598-021-87605-0#Sec2,
167,2021,Corynorhinus townsendii,,Acoustic monitoring,United States,Northern,,
168,2016,Chalinolobus gouldii,Yes,Radio-telemetry,Australia,Southern,https://www.publish.csiro.au/zo/zo16030,
169,2022,Plecotus auritus,,Survey,Poland,Northern,https://www.researchgate.net/publication/357748322_Importance_of_anthropogenic_winter_roosts_for_endangered_hibernating_bats,
169,2022,Plecotus austriacus,,Survey,Poland,Northern,,
169,2022,Myotis myotis,,Survey,Poland,Northern,,
169,2022,Myotis nattereri,,Survey,Poland,Northern,,
169,2022,Myotis bechsteinii,,Survey,Poland,Northern,,
169,2022,Myotis daubentonii,,Survey,Poland,Northern,,
169,2022,Myotis mystacinus,,Survey,Poland,Northern,,
169,2022,Barbastella barbastellus,,Survey,Poland,Northern,,
169,2022,Eptesicus serotinus,,Survey,Poland,Northern,,
170,2022,Eptesicus fuscus,,Collection,Mexico,Northern,https://www.degruyter.com/document/doi/10.1515/mammalia-2022-0031/html,
171,2019,Barbastella barbastellus,,Survey,Poland,Northern,https://journals.ku.edu/EuroJEcol/article/view/13435,
171,2019,Myotis bechsteinii,,Survey,Poland,Northern,,
171,2019,Myotis daubentonii,,Survey,Poland,Northern,,
171,2019,Myotis dasycneme,,Survey,Poland,Northern,,
171,2019,Myotis mystacinus,,Survey,Poland,Northern,,
171,2019,Myotis brandtii,,Survey,Poland,Northern,,
171,2019,Myotis myotis,,Survey,Poland,Northern,,
171,2019,Myotis nattereri,,Survey,Poland,Northern,,
171,2019,Plecotus auritus,,Survey,Poland,Northern,,
172,2015,Rhinolophus ferrumequinum,,Survey,Albania,Northern,https://www.researchgate.net/profile/Philippe-Theou/publication/283209925_Results_of_the_pioneer_survey_of_potential_bat_hibernacula_in_Albania_2012-2015/links/562df8de08ae04c2aeb4af40/Results-of-the-pioneer-survey-of-potential-bat-hibernacula-in-Albania-2012-2015.pdf,
172,2015,Rhinolophus hipposideros,,Survey,Albania,Northern,,
172,2015,Rhinolophus blassii,,Survey,Albania,Northern,,
172,2015,Rhinolophus euryale,,Survey,Albania,Northern,,
172,2015,Myotis myotis,,Survey,Albania,Northern,,
172,2015,Myotis capaccinii,,Survey,Albania,Northern,,
172,2015,Hypsugo savii,,Survey,Albania,Northern,,
172,2015,Miniopterus schreibersii,,Survey,Albania,Northern,,
173,2017,Myotis sodalis,,Survey,United States,Northern,https://link.springer.com/article/10.1016/j.mambio.2017.03.003,
174,2014,Corynorhinus townsendii,,Survey,United States,Northern,https://meridian.allenpress.com/jfwm/article/5/1/59/189826/Use-of-Long-Term-Opportunistic-Surveys-to-Estimate,
175,2018,Corynorhinus townsendii,,Survey,United States,Northern,https://www.jstor.org/stable/26779981#metadata_info_tab_contents,
175,2018,Myotis ciliolabrum,,Survey,United States,Northern,,
176,2011,Corynorhinus townsendii,,Survey,United States,Northern,https://wildlife.onlinelibrary.wiley.com/doi/full/10.1002/jwmg.6?casa_token=5inS34md1d4AAAAA%3AZXyXU-sNYReRntjlrzugd85BdS-O3J9zilllUVxidBVNByc_CEA7vWZk8w4texqOgv7DfkSgZjDGElRi3A,
177,2007,Miniopterus orianae oceanensis,,Survey,Australia,Southern,https://meridian.allenpress.com/australian-zoologist/article/34/2/173/134670/Seasonal-changes-in-bats-at-a-derelict-mine-in,
177,2007,Rhinolophus megaphyllus,,Survey,Australia,Southern,,
178,2007,Rhinolophus affinis,,Survey,China,Northern,https://zslpublications.onlinelibrary.wiley.com/doi/full/10.1111/j.1469-1795.2007.00136.x?casa_token=jO89ADFkYH8AAAAA%3AkTBUO7jsGlBbfIXGoQ_VW6uTiTDdkJ3oQL8syUVXphg0KiLpfDmdh-1dQegLBK-Uz6tmTLQ5lb56wf1M6g,
178,2007,Plecotus auritus,,Survey,China,Northern,,
178,2007,Miniopterus schreibersii,,Survey,China,Northern,,
178,2007,Hipposideros pratti,,Survey,China,Northern,,
178,2007,Myotis formosus,,Survey,China,Northern,,
178,2007,Murina leucogaster,,Survey,China,Northern,,
178,2007,Hipposideros armiger,,Survey,China,Northern,,
178,2007,Hipposideros pratti,,Survey,China,Northern,,
178,2007,Myotis fimbriatus,,Survey,China,Northern,,
179,1971,Rhinolophus ferrumequinum,,Survey,England,Northern,https://zslpublications.onlinelibrary.wiley.com/doi/abs/10.1111/j.1469-7998.1971.tb01323.x?casa_token=_v33emNyMOkAAAAA:FZiwqHCBLaq__orBQgTwytLVzAgCW6Y08BfNTF9Wk_OgQYUrUUjNy1kPuNGg1QxkQc0ISlLAGIs97y7HkQ,
180,2019,Aselliscus stoliczkanus,,Survey,China,Northern,https://www.sciencedirect.com/science/article/abs/pii/S1616504718301204,
181,2019,Rhinolophus hipposideros,,Survey,Poland,Northern,https://link.springer.com/article/10.2478/s11535-013-0146-9,
181,2019,Myotis myotis,,Survey,Poland,Northern,,
181,2019,Myotis bechsteinii,,Survey,Poland,Northern,,
181,2019,Myotis nattereri,,Survey,Poland,Northern,,
181,2019,Myotis emarginatus,,Survey,Poland,Northern,,
181,2019,Myotis mystacinus,,Survey,Poland,Northern,,
181,2019,Myotis daubentonii,,Survey,Poland,Northern,,
181,2019,Myotis dasycneme,,Survey,Poland,Northern,,
181,2019,Eptesicus nilssonii,,Survey,Poland,Northern,,
181,2019,Eptesicus serotinus,,Survey,Poland,Northern,,
181,2019,Plecotus auritus,,Survey,Poland,Northern,,
181,2019,Plecotus austriacus,,Survey,Poland,Northern,,
181,2019,Barbastella barbastellus,,Survey,Poland,Northern,,
182,2010,Corynorhinus townsendii,,Survey,United States,Northern,https://academic.oup.com/jmammal/article/91/5/1242/902678?login=false#15627897,
183,2012,Myotis myotis,,Survey,United States,Northern,https://www.ingentaconnect.com/content/miiz/actac/2012/00000014/00000002/art00015,
184,2014,Perimyotis subflavus,,Survey,United States,Northern,https://bioone.org/journals/Southeastern-Naturalist/volume-13/issue-2/058.013.0211/Unusual-Bat-Behavior-During-Winter-in-Great-Smoky-Mountains-National/10.1656/058.013.0211.short,
184,2014,Myotis lucifugus,,Survey,United States,Northern,,
184,2014,Myotis sodalis,,Survey,United States,Northern,,
184,2014,Myotis leibii,,Survey,United States,Northern,,
185,2004,Miniopterus schreibersii,,Collection,Turkey,Northern,https://www.sciencedirect.com/science/article/pii/S0006320704000874?casa_token=6oc4gXqRl6EAAAAA:dNFTbhllqj42Vd0LG39QRrlhsVM6fzYKqEISCZMmRQSrFVReksmpeaQLPll-DX_3OnO-nwf8JIHC#section.0015,
185,2004,Rhinolophus euryale,,Collection,Turkey,Northern,,
185,2004,Myotis myotis,,Collection,Turkey,Northern,,
185,2004,Myotis blythii,,Collection,Turkey,Northern,,
185,2004,Myotis capacinii,,Collection,Turkey,Northern,,
185,2004,Rhinolophus ferrumequinum,,Collection,Turkey,Northern,,
186,2017,Myotis lucifugus,,Camera trap,United States,Northern,https://besjournals.onlinelibrary.wiley.com/doi/full/10.1111/2041-210X.12823,
186,2017,Myotis sodalis,,Camera trap,United States,Northern,,
187,2011,Myotis lucifugus,,Acoustic monitoring,United States,Northern,https://meridian.allenpress.com/jfwm/article/2/2/125/203438/Patterns-of-Acoustical-Activity-of-Bats-Prior-to,
187,2011,Myotis septentrionalis,,Acoustic monitoring,United States,Northern,,
187,2011,Myotis sodalis,,Acoustic monitoring,United States,Northern,,
187,2011,Lasionycteris noctivagans,,Acoustic monitoring,United States,Northern,,
187,2011,Perimyotis subflavus,,Acoustic monitoring,United States,Northern,,
187,2011,Eptesicus fuscus,,Acoustic monitoring,United States,Northern,,
187,2011,Lasiurus borealis,,Acoustic monitoring,United States,Northern,,
187,2011,Lasiurus cinereus,,Acoustic monitoring,United States,Northern,,
188,2022,Rhinolophus ferrumequinum,,Banding,England,Northern,https://www.sciencedirect.com/science/article/pii/S0003347222000902?casa_token=VfJ_32MBu0QAAAAA:nmHLMh-xLu3_KugE3bfjM6pWJPRbn15hcwuVGFFi4VjHOT2upHBkiWgTdpQcTGevtqKlu3F7EW0G,
189,2021,Perimyotis subflavus,,Survey,United States,Northern,https://meridian.allenpress.com/jfwm/article/12/1/139/464076/Characteristics-of-Caves-Used-by-Wintering-Bats-in,
189,2021,Myotis austroriparius,,Survey,United States,Northern,,
189,2021,Corynorhinus rafinesquii,,Survey,United States,Northern,,
190,2019,Perimyotis subflavus,,Survey,United States,Northern,https://onlinelibrary.wiley.com/doi/full/10.1002/ece3.5841,
191,2017,Lasionycteris noctivagans,,Survey,United States,Northern,https://www.researchgate.net/profile/Allen-Kurta/publication/351359780_A_New_Northern_Record_for_a_Hibernating_Silver-haired_Bat_Lasionycteris_noctivagans_in_Interior_North_America/links/6093e7e3458515d315fcd960/A-New-Northern-Record-for-a-Hibernating-Silver-haired-Bat-Lasionycteris-noctivagans-in-Interior-North-America.pdf,
191,2017,Myotis lucifugus,,Survey,United States,Northern,,
191,2017,Myotis septentrionalis,,Survey,United States,Northern,,
191,2017,Eptesicus fuscus,,Survey,United States,Northern,,
192,2010,Corynorhinus townsendii,,Survey,United States,Northern,https://bioone.org/journals/the-southwestern-naturalist/volume-55/issue-3/MRD-10.1/Trends-in-Abundance-of-Hibernating-Bats-in-a-Karst-Region/10.1894/MRD-10.1.full,
192,2010,Eptesicus fuscus,,Survey,United States,Northern,,
192,2010,Myotis velifer,,Survey,United States,Northern,,
192,2010,Perimyotis subflavus,,Survey,United States,Northern,,
193,2014,Myotis sodalis,,Survey,United States,Northern,https://academic.oup.com/jmammal/article/95/1/117/921144?login=false,